{"cameraMode":{"drawMode":0,"name":"Shaded","section":"Shading Mode"},"sceneLighting":false,"audioPlay":false,"sceneViewState":{"showFog":true,"showMaterialUpdate":false,"showSkybox":false,"showFlares":true,"showImageEffects":true,"showParticleSystems":true},"in2DMode":false,"pivot":{"x":10.8513765335083,"y":-3.72628116607666,"z":2.0536270141601564},"rotation":{"x":-0.03405806049704552,"y":-0.15823717415332795,"z":0.005461340770125389,"w":-0.9867985248565674},"size":46.343017578125,"orthographic":false}