{"cameraMode":{"drawMode":0,"name":"Shaded","section":"Shading Mode"},"sceneLighting":false,"audioPlay":false,"sceneViewState":{"showFog":true,"showMaterialUpdate":false,"showSkybox":false,"showFlares":true,"showImageEffects":true,"showParticleSystems":true},"in2DMode":false,"pivot":{"x":710.4732666015625,"y":368.4160461425781,"z":0.0},"rotation":{"x":0.36133185029029848,"y":0.3865133225917816,"z":-0.16790324449539185,"w":0.8317784070968628},"size":2.4452342987060549,"orthographic":false}